Package	Category	Manifest
Affyhgu133aExpr	large_file_error	data-experiment.txt
Affyhgu133Plus2Expr	large_file_error	data-experiment.txt
Affymoe4302Expr	large_file_error	data-experiment.txt
ccdata	large_file_error	data-experiment.txt
ChAMPdata	large_file_error	data-experiment.txt
ConnectivityMap	large_file_error	data-experiment.txt
davidTiling	large_file_error	data-experiment.txt
FlowSorted.Blood.450k	large_file_error	data-experiment.txt
FlowSorted.CordBlood.450k	large_file_error	data-experiment.txt
FlowSorted.CordBloodNorway.450k	large_file_error	data-experiment.txt
FlowSorted.DLPFC.450k	large_file_error	data-experiment.txt
furrowSeg	large_file_error	data-experiment.txt
GeuvadisTranscriptExpr	large_file_error	data-experiment.txt
hapmapsnp6	large_file_error	data-experiment.txt
HD2013SGI	large_file_error	data-experiment.txt
Hiiragi2013	large_file_error	data-experiment.txt
ListerEtAlBSseq	large_file_error	data-experiment.txt
mammaPrintData	large_file_error	data-experiment.txt
MMDiffBamSubset	large_file_error	data-experiment.txt
msdata	large_file_error	data-experiment.txt
msPurityData	large_file_error	data-experiment.txt
pd.atdschip.tiling	large_file_error	data-experiment.txt
RforProteomics	large_file_error	data-experiment.txt
RnBeads.hg19	large_file_error	data-experiment.txt
RnBeads.hg38	large_file_error	data-experiment.txt
Single.mTEC.Transcriptomes	large_file_error	data-experiment.txt
SVM2CRMdata	large_file_error	data-experiment.txt
curatedBreastData	large_file_error	not_found
dsQTL	large_file_error	not_found
Fletcher2013b	large_file_error	not_found
MEALData	large_file_error	not_found
oneChannelGUI	large_file_error	not_found
proteomics	large_file_error	not_found
rRDPData	large_file_error	not_found
SCATEData	large_file_error	not_found
waveTilingData	large_file_error	not_found
yriMulti	large_file_error	not_found
h5vc	large_file_error	software.txt
scafari	large_file_error	software.txt
singIST	large_file_error	software.txt
SwathXtend	large_file_error	software.txt
methylationArrayAnalysis	large_file_error	workflows.txt
ChIPXpressData	other	data-experiment.txt
ELMER.data	other	data-experiment.txt
scMultiome	secret_error	data-experiment.txt
scviR	secret_error	not_found
ChIPanalyser	secret_error	software.txt
CoSIA	secret_error	software.txt
CrcBiomeScreen	secret_error	software.txt
Damsel	secret_error	software.txt
iModMix	secret_error	software.txt
RMassBank	secret_error	software.txt
sevenbridges	secret_error	software.txt
TSAR	secret_error	software.txt
